{"cameraMode":{"drawMode":0,"name":"Shaded","section":"Shading Mode"},"sceneLighting":false,"audioPlay":false,"sceneViewState":{"m_AlwaysRefresh":false,"showFog":true,"showSkybox":true,"showFlares":true,"showImageEffects":true,"showParticleSystems":true,"showVisualEffectGraphs":true,"m_FxEnabled":true},"in2DMode":false,"pivot":{"x":3.4630000591278078,"y":4.070000171661377,"z":12.406000137329102},"rotation":{"x":0.15929611027240754,"y":0.49918633699417117,"z":-0.09393233060836792,"w":0.8465303778648377},"size":1.5554450750350953,"orthographic":false}