{"cameraMode":{"drawMode":0,"name":"Shaded","section":"Shading Mode"},"sceneLighting":false,"audioPlay":false,"sceneViewState":{"m_AlwaysRefresh":false,"showFog":true,"showSkybox":true,"showFlares":true,"showImageEffects":true,"showParticleSystems":true,"showVisualEffectGraphs":true,"m_FxEnabled":true},"in2DMode":false,"pivot":{"x":3.4826607704162599,"y":3.793398141860962,"z":12.445160865783692},"rotation":{"x":0.15929611027240754,"y":0.49918633699417117,"z":-0.09393233060836792,"w":0.8465303778648377},"size":15.926595687866211,"orthographic":false}